{
    "errcode":0,
    "errmsg":"SUCCESS",
    "updateTime":"2020-02-07T22:12:26-0500",
    "updateTimeFormat":"2020-02-07 22:12:26",
    "timeZone":"America/New_York",
    "city":"纽约",
    "country":"美国",
    "latitude":"40.765",
    "longitude":"-73.981",
    "day":{
        "icon":"26",
        "feelsLike":"-3",
        "temperature":"2",
        "temperatureMaxSince7am":"13",
        "phrase":"多云",
        "altimeter":"1004.74",
        "barometerTrend":"快速上升",
        "humidity":"49",
        "dewPoint":"-8",
        "visibility":"16.09",
        "windSpeed":"18",
        "windDirCompass":"西",
        "windDirDegrees":"280",
        "uvIndex":"0",
        "uvDescription":"低",
        "hours":[
            {
                "time":"22:30",
                "wea":"多云",
                "tem":"1",
                "rain":"0",
                "humidity":"51",
                "wind":"西-西北 17 公里 /小时 ",
                "icon":"26"
            },
            {
                "time":"23:00",
                "wea":"大部分地区多云",
                "tem":"1",
                "rain":"0",
                "humidity":"52",
                "wind":"西北偏西 17 公里 /小时 ",
                "icon":"27"
            },
            {
                "time":"00:00",
                "wea":"局部多云",
                "tem":"1",
                "rain":"0",
                "humidity":"53",
                "wind":"西北偏西 17 公里 /小时 ",
                "icon":"29"
            },
            {
                "time":"01:00",
                "wea":"局部多云",
                "tem":"0",
                "rain":"0",
                "humidity":"52",
                "wind":"西北偏西 18 公里 /小时 ",
                "icon":"29"
            },
            {
                "time":"02:00",
                "wea":"晴朗无云",
                "tem":"-1",
                "rain":"0",
                "humidity":"54",
                "wind":"西北偏西 18 公里 /小时 ",
                "icon":"31"
            },
            {
                "time":"03:00",
                "wea":"晴朗无云",
                "tem":"-1",
                "rain":"0",
                "humidity":"54",
                "wind":"西北偏西 17 公里 /小时 ",
                "icon":"31"
            },
            {
                "time":"04:00",
                "wea":"晴朗无云",
                "tem":"-2",
                "rain":"0",
                "humidity":"54",
                "wind":"西 16 公里 /小时 ",
                "icon":"31"
            },
            {
                "time":"05:00",
                "wea":"晴朗无云",
                "tem":"-2",
                "rain":"0",
                "humidity":"55",
                "wind":"西 15 公里 /小时 ",
                "icon":"31"
            },
            {
                "time":"06:00",
                "wea":"晴朗无云",
                "tem":"-2",
                "rain":"0",
                "humidity":"55",
                "wind":"西 15 公里 /小时 ",
                "icon":"31"
            },
            {
                "time":"07:00",
                "wea":"晴朗",
                "tem":"-2",
                "rain":"0",
                "humidity":"57",
                "wind":"西 13 公里 /小时 ",
                "icon":"32"
            },
            {
                "time":"08:00",
                "wea":"晴朗",
                "tem":"-1",
                "rain":"0",
                "humidity":"55",
                "wind":"西 11 公里 /小时 ",
                "icon":"32"
            },
            {
                "time":"09:00",
                "wea":"晴朗",
                "tem":"0",
                "rain":"0",
                "humidity":"51",
                "wind":"西 11 公里 /小时 ",
                "icon":"32"
            },
            {
                "time":"10:00",
                "wea":"晴朗",
                "tem":"1",
                "rain":"0",
                "humidity":"47",
                "wind":"西 12 公里 /小时 ",
                "icon":"32"
            },
            {
                "time":"11:00",
                "wea":"晴朗",
                "tem":"2",
                "rain":"0",
                "humidity":"45",
                "wind":"西南偏西 13 公里 /小时 ",
                "icon":"32"
            },
            {
                "time":"12:00",
                "wea":"局部多云",
                "tem":"3",
                "rain":"0",
                "humidity":"44",
                "wind":"西南偏西 14 公里 /小时 ",
                "icon":"30"
            },
            {
                "time":"13:00",
                "wea":"局部多云",
                "tem":"4",
                "rain":"0",
                "humidity":"41",
                "wind":"西南偏西 15 公里 /小时 ",
                "icon":"30"
            }
        ]
    },
    "month":[
        {
            "date":"2020-02-07",
            "dateOfWeek":"星期五",
            "sunrise":"07:00",
            "sunset":"17:20",
            "moonrise":"15:28",
            "moonset":"05:51",
            "moonIcon":"WXG",
            "moonPhrase":"盈凸月",
            "day":null,
            "night":{
                "phrase":"早间多云，夜间晴朗无云",
                "narrative":"夜间晴朗。 最低 -2ºC。 西北偏西 风 15 到 25 每 km / h 。",
                "precipPct":"0",
                "precipType":"precip",
                "temperature":"-2",
                "uvIndex":"0",
                "uvDescription":"低",
                "icon":"29",
                "cloudPct":"33",
                "windDirCompass":"西北偏西",
                "windDirDegrees":"282",
                "windSpeed":"17",
                "humidity":"53"
            }
        },
        {
            "date":"2020-02-08",
            "dateOfWeek":"星期六",
            "sunrise":"06:59",
            "sunset":"17:21",
            "moonrise":"16:41",
            "moonset":"06:43",
            "moonIcon":"F",
            "moonPhrase":"满月",
            "day":{
                "phrase":"大部地区晴朗",
                "narrative":"大部晴朗。 最高 5ºC。 西 风 10 到 15 每 km / h 。",
                "precipPct":"0",
                "precipType":"rain",
                "temperature":"5",
                "uvIndex":"3",
                "uvDescription":"中等",
                "icon":"34",
                "cloudPct":"33",
                "windDirCompass":"西",
                "windDirDegrees":"260",
                "windSpeed":"15",
                "humidity":"45"
            },
            "night":{
                "phrase":"局部多云",
                "narrative":"少云。 最低 0ºC。 东北偏北 风，风向多变。",
                "precipPct":"10",
                "precipType":"precip",
                "temperature":"0",
                "uvIndex":"0",
                "uvDescription":"低",
                "icon":"29",
                "cloudPct":"41",
                "windDirCompass":"东北偏北",
                "windDirDegrees":"28",
                "windSpeed":"7",
                "humidity":"58"
            }
        },
        {
            "date":"2020-02-09",
            "dateOfWeek":"星期天",
            "sunrise":"06:57",
            "sunset":"17:22",
            "moonrise":"17:56",
            "moonset":"07:27",
            "moonIcon":"F",
            "moonPhrase":"满月",
            "day":{
                "phrase":"大部分地区多云",
                "narrative":"大部多云。 最高 8ºC。 东南 风，风向多变。",
                "precipPct":"10",
                "precipType":"rain",
                "temperature":"8",
                "uvIndex":"2",
                "uvDescription":"低",
                "icon":"28",
                "cloudPct":"64",
                "windDirCompass":"东南",
                "windDirDegrees":"137",
                "windSpeed":"9",
                "humidity":"59"
            },
            "night":{
                "phrase":"夜间有阵雨",
                "narrative":"夜间晚些时候阵雨。 最低 5ºC。 南 风 10 到 15 每 km / h 。 降雨几率 60%。",
                "precipPct":"60",
                "precipType":"rain",
                "temperature":"5",
                "uvIndex":"0",
                "uvDescription":"低",
                "icon":"45",
                "cloudPct":"86",
                "windDirCompass":"南",
                "windDirDegrees":"188",
                "windSpeed":"15",
                "humidity":"69"
            }
        },
        {
            "date":"2020-02-10",
            "dateOfWeek":"星期一",
            "sunrise":"06:56",
            "sunset":"17:23",
            "moonrise":"19:12",
            "moonset":"08:06",
            "moonIcon":"WNG",
            "moonPhrase":"亏凸月",
            "day":{
                "phrase":"阵雨",
                "narrative":"阵雨。 最高 9ºC。 西南 风 10 到 15 每 km / h 。 降雨几率 80%。",
                "precipPct":"80",
                "precipType":"rain",
                "temperature":"9",
                "uvIndex":"1",
                "uvDescription":"低",
                "icon":"11",
                "cloudPct":"97",
                "windDirCompass":"西南",
                "windDirDegrees":"221",
                "windSpeed":"14",
                "humidity":"75"
            },
            "night":{
                "phrase":"夜间有阵雨",
                "narrative":"夜间晚些时候阵雨。 最低 4ºC。 西北偏北 风，风向多变。 降雨几率 40%。",
                "precipPct":"40",
                "precipType":"rain",
                "temperature":"4",
                "uvIndex":"0",
                "uvDescription":"低",
                "icon":"45",
                "cloudPct":"95",
                "windDirCompass":"西北偏北",
                "windDirDegrees":"343",
                "windSpeed":"8",
                "humidity":"75"
            }
        },
        {
            "date":"2020-02-11",
            "dateOfWeek":"星期二",
            "sunrise":"06:55",
            "sunset":"17:25",
            "moonrise":"20:28",
            "moonset":"08:40",
            "moonIcon":"WNG",
            "moonPhrase":"亏凸月",
            "day":{
                "phrase":"阵雨",
                "narrative":"阵雨。 最高 7ºC。 东北 风，风向多变。 降雨几率 60%。",
                "precipPct":"60",
                "precipType":"rain",
                "temperature":"7",
                "uvIndex":"1",
                "uvDescription":"低",
                "icon":"11",
                "cloudPct":"93",
                "windDirCompass":"东北",
                "windDirDegrees":"43",
                "windSpeed":"7",
                "humidity":"77"
            },
            "night":{
                "phrase":"早间有阵雨",
                "narrative":"早些时候阵雨。 最低 1ºC。 西北偏西 风 15 到 25 每 km / h 。 降雨几率 30%。",
                "precipPct":"30",
                "precipType":"rain",
                "temperature":"1",
                "uvIndex":"0",
                "uvDescription":"低",
                "icon":"45",
                "cloudPct":"67",
                "windDirCompass":"西北偏西",
                "windDirDegrees":"299",
                "windSpeed":"18",
                "humidity":"69"
            }
        },
        {
            "date":"2020-02-12",
            "dateOfWeek":"星期三",
            "sunrise":"06:54",
            "sunset":"17:26",
            "moonrise":"21:41",
            "moonset":"09:11",
            "moonIcon":"WNG",
            "moonPhrase":"亏凸月",
            "day":{
                "phrase":"局部多云",
                "narrative":"少云。 最高 7ºC。 西 风 10 到 15 每 km / h 。",
                "precipPct":"0",
                "precipType":"rain",
                "temperature":"7",
                "uvIndex":"3",
                "uvDescription":"中等",
                "icon":"30",
                "cloudPct":"40",
                "windDirCompass":"西",
                "windDirDegrees":"267",
                "windSpeed":"12",
                "humidity":"51"
            },
            "night":{
                "phrase":"夜间有阵雨",
                "narrative":"夜间晚些时候阵雨。 最低 3ºC。 西南 风 10 到 15 每 km / h 。 降雨几率 40%。",
                "precipPct":"40",
                "precipType":"rain",
                "temperature":"3",
                "uvIndex":"0",
                "uvDescription":"低",
                "icon":"45",
                "cloudPct":"79",
                "windDirCompass":"西南",
                "windDirDegrees":"233",
                "windSpeed":"10",
                "humidity":"65"
            }
        },
        {
            "date":"2020-02-13",
            "dateOfWeek":"星期四",
            "sunrise":"06:53",
            "sunset":"17:27",
            "moonrise":"22:54",
            "moonset":"09:42",
            "moonIcon":"WNG",
            "moonPhrase":"亏凸月",
            "day":{
                "phrase":"阵雨",
                "narrative":"阵雨。 最高 6ºC。 西北偏西 风 10 到 15 每 km / h 。 降雨几率 50%。",
                "precipPct":"50",
                "precipType":"rain",
                "temperature":"6",
                "uvIndex":"2",
                "uvDescription":"低",
                "icon":"11",
                "cloudPct":"84",
                "windDirCompass":"西北偏西",
                "windDirDegrees":"283",
                "windSpeed":"10",
                "humidity":"64"
            },
            "night":{
                "phrase":"雨伴有阵雪",
                "narrative":"中雨夹阵雪。 最低 -1ºC。 西北偏北 风 10 到 15 每 km / h 。 降水几率 40%。",
                "precipPct":"40",
                "precipType":"precip",
                "temperature":"-1",
                "uvIndex":"0",
                "uvDescription":"低",
                "icon":"5",
                "cloudPct":"69",
                "windDirCompass":"西北偏北",
                "windDirDegrees":"347",
                "windSpeed":"12",
                "humidity":"64"
            }
        },
        {
            "date":"2020-02-14",
            "dateOfWeek":"星期五",
            "sunrise":"06:51",
            "sunset":"17:28",
            "moonrise":"",
            "moonset":"10:13",
            "moonIcon":"WNG",
            "moonPhrase":"亏凸月",
            "day":{
                "phrase":"局部多云",
                "narrative":"少云。 最高 1ºC。 西北偏北 风 10 到 15 每 km / h 。",
                "precipPct":"10",
                "precipType":"precip",
                "temperature":"1",
                "uvIndex":"3",
                "uvDescription":"中等",
                "icon":"30",
                "cloudPct":"34",
                "windDirCompass":"西北偏北",
                "windDirDegrees":"327",
                "windSpeed":"16",
                "humidity":"46"
            },
            "night":{
                "phrase":"大部晴朗",
                "narrative":"大部晴朗。 最低 -6ºC。 北 风 10 到 15 每 km / h 。",
                "precipPct":"10",
                "precipType":"snow",
                "temperature":"-6",
                "uvIndex":"0",
                "uvDescription":"低",
                "icon":"33",
                "cloudPct":"19",
                "windDirCompass":"北",
                "windDirDegrees":"352",
                "windSpeed":"15",
                "humidity":"45"
            }
        },
        {
            "date":"2020-02-15",
            "dateOfWeek":"星期六",
            "sunrise":"06:50",
            "sunset":"17:29",
            "moonrise":"00:05",
            "moonset":"10:47",
            "moonIcon":"LQ",
            "moonPhrase":"下弦月",
            "day":{
                "phrase":"大部地区晴朗",
                "narrative":"大部晴朗。 最高 2ºC。 东北偏北 风 10 到 15 每 km / h 。",
                "precipPct":"10",
                "precipType":"precip",
                "temperature":"2",
                "uvIndex":"3",
                "uvDescription":"中等",
                "icon":"34",
                "cloudPct":"18",
                "windDirCompass":"东北偏北",
                "windDirDegrees":"13",
                "windSpeed":"11",
                "humidity":"40"
            },
            "night":{
                "phrase":"局部多云",
                "narrative":"少云。 最低 -3ºC。 东北偏东 风，风向多变。",
                "precipPct":"20",
                "precipType":"precip",
                "temperature":"-3",
                "uvIndex":"0",
                "uvDescription":"低",
                "icon":"29",
                "cloudPct":"41",
                "windDirCompass":"东北偏东",
                "windDirDegrees":"65",
                "windSpeed":"5",
                "humidity":"54"
            }
        },
        {
            "date":"2020-02-16",
            "dateOfWeek":"星期天",
            "sunrise":"06:49",
            "sunset":"17:31",
            "moonrise":"01:15",
            "moonset":"11:23",
            "moonIcon":"WNC",
            "moonPhrase":"残月",
            "day":{
                "phrase":"局部多云",
                "narrative":"少云。 最高 7ºC。 南 风，风向多变。",
                "precipPct":"20",
                "precipType":"rain",
                "temperature":"7",
                "uvIndex":"3",
                "uvDescription":"中等",
                "icon":"30",
                "cloudPct":"52",
                "windDirCompass":"南",
                "windDirDegrees":"188",
                "windSpeed":"7",
                "humidity":"55"
            },
            "night":{
                "phrase":"夜间有雨和阵雪",
                "narrative":"晚些时候中雨和阵雪。 最低 2ºC。 西北偏北 风，风向多变。 降水几率 40%。",
                "precipPct":"40",
                "precipType":"precip",
                "temperature":"2",
                "uvIndex":"0",
                "uvDescription":"低",
                "icon":"5",
                "cloudPct":"77",
                "windDirCompass":"西北偏北",
                "windDirDegrees":"332",
                "windSpeed":"7",
                "humidity":"64"
            }
        },
        {
            "date":"2020-02-17",
            "dateOfWeek":"星期一",
            "sunrise":"06:48",
            "sunset":"17:32",
            "moonrise":"02:22",
            "moonset":"12:05",
            "moonIcon":"WNC",
            "moonPhrase":"残月",
            "day":{
                "phrase":"雨伴有阵雪",
                "narrative":"中雨夹阵雪。 最高 7ºC。 东北偏北 风，风向多变。 降雨几率 40%。",
                "precipPct":"40",
                "precipType":"rain",
                "temperature":"7",
                "uvIndex":"2",
                "uvDescription":"低",
                "icon":"5",
                "cloudPct":"74",
                "windDirCompass":"东北偏北",
                "windDirDegrees":"26",
                "windSpeed":"8",
                "humidity":"61"
            },
            "night":{
                "phrase":"雨伴有阵雪",
                "narrative":"中雨夹阵雪。 最低 3ºC。 东北偏东 风 10 到 15 每 km / h 。 降水几率 50%。",
                "precipPct":"50",
                "precipType":"precip",
                "temperature":"3",
                "uvIndex":"0",
                "uvDescription":"低",
                "icon":"5",
                "cloudPct":"75",
                "windDirCompass":"东北偏东",
                "windDirDegrees":"61",
                "windSpeed":"10",
                "humidity":"70"
            }
        },
        {
            "date":"2020-02-18",
            "dateOfWeek":"星期二",
            "sunrise":"06:46",
            "sunset":"17:33",
            "moonrise":"03:24",
            "moonset":"12:53",
            "moonIcon":"WNC",
            "moonPhrase":"残月",
            "day":{
                "phrase":"雨伴有阵雪",
                "narrative":"中雨夹阵雪。 最高 7ºC。 西北 风 10 到 15 每 km / h 。 降雨几率 40%。",
                "precipPct":"40",
                "precipType":"rain",
                "temperature":"7",
                "uvIndex":"2",
                "uvDescription":"低",
                "icon":"5",
                "cloudPct":"69",
                "windDirCompass":"西北",
                "windDirDegrees":"322",
                "windSpeed":"11",
                "humidity":"65"
            },
            "night":{
                "phrase":"雨伴有阵雪",
                "narrative":"中雨夹阵雪。 最低 2ºC。 西北偏西 风 10 到 15 每 km / h 。 降水几率 40%。",
                "precipPct":"40",
                "precipType":"precip",
                "temperature":"2",
                "uvIndex":"0",
                "uvDescription":"低",
                "icon":"5",
                "cloudPct":"61",
                "windDirCompass":"西北偏西",
                "windDirDegrees":"300",
                "windSpeed":"10",
                "humidity":"72"
            }
        },
        {
            "date":"2020-02-19",
            "dateOfWeek":"星期三",
            "sunrise":"06:45",
            "sunset":"17:34",
            "moonrise":"04:21",
            "moonset":"13:45",
            "moonIcon":"WNC",
            "moonPhrase":"残月",
            "day":{
                "phrase":"上午有阵雪",
                "narrative":"上午阵雪。 最高 7ºC。 西北偏西 风 10 到 15 每 km / h 。 降雪几率 30%。",
                "precipPct":"30",
                "precipType":"snow",
                "temperature":"7",
                "uvIndex":"3",
                "uvDescription":"中等",
                "icon":"14",
                "cloudPct":"60",
                "windDirCompass":"西北偏西",
                "windDirDegrees":"298",
                "windSpeed":"11",
                "humidity":"62"
            },
            "night":{
                "phrase":"雨伴有阵雪",
                "narrative":"中雨夹阵雪。 最低 2ºC。 北 风 10 到 15 每 km / h 。 降水几率 40%。 降雪量 3-7 cm。",
                "precipPct":"40",
                "precipType":"precip",
                "temperature":"2",
                "uvIndex":"0",
                "uvDescription":"低",
                "icon":"5",
                "cloudPct":"60",
                "windDirCompass":"北",
                "windDirDegrees":"10",
                "windSpeed":"11",
                "humidity":"67"
            }
        },
        {
            "date":"2020-02-20",
            "dateOfWeek":"星期四",
            "sunrise":"06:44",
            "sunset":"17:35",
            "moonrise":"05:10",
            "moonset":"14:42",
            "moonIcon":"WNC",
            "moonPhrase":"残月",
            "day":{
                "phrase":"局部多云",
                "narrative":"少云。 最高 7ºC。 西北偏西 风 10 到 15 每 km / h 。",
                "precipPct":"20",
                "precipType":"rain",
                "temperature":"7",
                "uvIndex":"3",
                "uvDescription":"中等",
                "icon":"30",
                "cloudPct":"51",
                "windDirCompass":"西北偏西",
                "windDirDegrees":"295",
                "windSpeed":"11",
                "humidity":"57"
            },
            "night":{
                "phrase":"局部多云",
                "narrative":"少云。 最低 1ºC。 西北 风 10 到 15 每 km / h 。",
                "precipPct":"20",
                "precipType":"precip",
                "temperature":"1",
                "uvIndex":"0",
                "uvDescription":"低",
                "icon":"29",
                "cloudPct":"42",
                "windDirCompass":"西北",
                "windDirDegrees":"326",
                "windSpeed":"11",
                "humidity":"66"
            }
        },
        {
            "date":"2020-02-21",
            "dateOfWeek":"星期五",
            "sunrise":"06:42",
            "sunset":"17:37",
            "moonrise":"05:53",
            "moonset":"15:42",
            "moonIcon":"WNC",
            "moonPhrase":"残月",
            "day":{
                "phrase":"上午有阵雪",
                "narrative":"上午阵雪。 最高 8ºC。 西 风 10 到 15 每 km / h 。 降雪几率 30%。",
                "precipPct":"30",
                "precipType":"snow",
                "temperature":"8",
                "uvIndex":"3",
                "uvDescription":"中等",
                "icon":"14",
                "cloudPct":"37",
                "windDirCompass":"西",
                "windDirDegrees":"281",
                "windSpeed":"10",
                "humidity":"59"
            },
            "night":{
                "phrase":"雨伴有阵雪",
                "narrative":"中雨夹阵雪。 最低 3ºC。 西北偏西 风，风向多变。 降水几率 30%。",
                "precipPct":"30",
                "precipType":"precip",
                "temperature":"3",
                "uvIndex":"0",
                "uvDescription":"低",
                "icon":"5",
                "cloudPct":"38",
                "windDirCompass":"西北偏西",
                "windDirDegrees":"294",
                "windSpeed":"9",
                "humidity":"67"
            }
        }
    ]
}