<?xml version="1.0" encoding="UTF-8"?>
<configuration>
    <property name="LOG_HOME" value="/logs" />
    <appender name="STDOUT" class="ch.qos.logback.core.ConsoleAppender">
        <encoder charset="UTF-8">
            <!--格式化输出：%d表示日期，%thread表示线程名，%-5level：级别从左显示5个字符宽度%msg：日志消息，%n是换行符-->
            <pattern>%d{yyyy-MM-dd HH:mm:ss.SSS} [%thread] %-5level %logger{50} - %msg%n</pattern>
        </encoder>
    </appender>
    <appender name="stash" class="net.logstash.logback.appender.LogstashTcpSocketAppender">
        <destination>192.168.1.28:5000</destination>
        <encoder charset="UTF-8" class="net.logstash.logback.encoder.LogstashEncoder" />
    </appender>

    <appender name="async" class="ch.qos.logback.classic.AsyncAppender">
        <appender-ref ref="stash" />
    </appender>

    <!-- show parameters for hibernate sql 专为 Hibernate 定制 -->
    <logger name="org.hibernate.type.descriptor.sql.BasicBinder"  level="TRACE" />
    <logger name="org.hibernate.type.descriptor.sql.BasicExtractor"  level="DEBUG" />
    <logger name="org.hibernate.SQL" level="DEBUG" />
    <logger name="org.hibernate.engine.QueryParameters" level="DEBUG" />
    <logger name="org.hibernate.engine.query.HQLQueryPlan" level="DEBUG" />

    <!-- 设置日志级别 -->
    <root level="info">
        <appender-ref ref="STDOUT" />
        <!--<appender-ref ref="stash" />-->
    </root>
</configuration>